[
{
  "model": "productos.categoria",
  "pk": 1,
  "fields": {
    "nombre": "Filtros",
    "slug": "filtros",
    "descripcion": "",
    "imagen": "",
    "orden": 0,
    "activo": true
  }
},
{
  "model": "productos.categoria",
  "pk": 2,
  "fields": {
    "nombre": "Tuercas",
    "slug": "tuercas",
    "descripcion": "",
    "imagen": "",
    "orden": 0,
    "activo": true
  }
},
{
  "model": "productos.categoria",
  "pk": 3,
  "fields": {
    "nombre": "Originales",
    "slug": "originales",
    "descripcion": "",
    "imagen": "",
    "orden": 0,
    "activo": true
  }
},
{
  "model": "productos.categoria",
  "pk": 4,
  "fields": {
    "nombre": "Espejos",
    "slug": "espejos",
    "descripcion": "",
    "imagen": "",
    "orden": 0,
    "activo": true
  }
},
{
  "model": "productos.categoria",
  "pk": 5,
  "fields": {
    "nombre": "Mascara",
    "slug": "mascara",
    "descripcion": "",
    "imagen": "",
    "orden": 0,
    "activo": true
  }
},
{
  "model": "productos.categoria",
  "pk": 6,
  "fields": {
    "nombre": "Bomba de Agua",
    "slug": "bomba-de-agua",
    "descripcion": "",
    "imagen": "",
    "orden": 0,
    "activo": true
  }
},
{
  "model": "productos.categoria",
  "pk": 7,
  "fields": {
    "nombre": "Aceite",
    "slug": "aceite",
    "descripcion": "",
    "imagen": "",
    "orden": 0,
    "activo": true
  }
},
{
  "model": "productos.categoria",
  "pk": 8,
  "fields": {
    "nombre": "Mensula",
    "slug": "mensula",
    "descripcion": "",
    "imagen": "",
    "orden": 0,
    "activo": true
  }
},
{
  "model": "productos.categoria",
  "pk": 9,
  "fields": {
    "nombre": "Tapa deposito agua radiador",
    "slug": "tapa-deposito-agua-radiador",
    "descripcion": "",
    "imagen": "",
    "orden": 0,
    "activo": true
  }
},
{
  "model": "productos.categoria",
  "pk": 10,
  "fields": {
    "nombre": "Refrigerante",
    "slug": "refrigerante",
    "descripcion": "",
    "imagen": "",
    "orden": 0,
    "activo": true
  }
},
{
  "model": "productos.categoria",
  "pk": 11,
  "fields": {
    "nombre": "Kit Mantención",
    "slug": "kit-mantención",
    "descripcion": "",
    "imagen": "",
    "orden": 0,
    "activo": true
  }
},
{
  "model": "productos.categoria",
  "pk": 12,
  "fields": {
    "nombre": "Originales ford",
    "slug": "originales-ford",
    "descripcion": "",
    "imagen": "",
    "orden": 0,
    "activo": true
  }
},
{
  "model": "productos.categoria",
  "pk": 13,
  "fields": {
    "nombre": "Baterías",
    "slug": "baterías",
    "descripcion": "",
    "imagen": "",
    "orden": 0,
    "activo": true
  }
},
{
  "model": "productos.categoria",
  "pk": 14,
  "fields": {
    "nombre": "Frenos",
    "slug": "frenos",
    "descripcion": "",
    "imagen": "",
    "orden": 0,
    "activo": true
  }
},
{
  "model": "productos.categoria",
  "pk": 15,
  "fields": {
    "nombre": "Suspensión",
    "slug": "suspensión",
    "descripcion": "",
    "imagen": "",
    "orden": 0,
    "activo": true
  }
},
{
  "model": "productos.categoria",
  "pk": 16,
  "fields": {
    "nombre": "Correas",
    "slug": "correas",
    "descripcion": "",
    "imagen": "",
    "orden": 0,
    "activo": true
  }
},
{
  "model": "productos.categoria",
  "pk": 17,
  "fields": {
    "nombre": "Radiadores",
    "slug": "radiadores",
    "descripcion": "",
    "imagen": "",
    "orden": 0,
    "activo": true
  }
},
{
  "model": "productos.categoria",
  "pk": 18,
  "fields": {
    "nombre": "Bujías",
    "slug": "bujías",
    "descripcion": "",
    "imagen": "",
    "orden": 0,
    "activo": true
  }
},
{
  "model": "productos.marca",
  "pk": 1,
  "fields": {
    "nombre": "Honda",
    "logo": "",
    "descripcion": "",
    "activa": true
  }
},
{
  "model": "productos.marca",
  "pk": 2,
  "fields": {
    "nombre": "MG",
    "logo": "",
    "descripcion": "",
    "activa": true
  }
},
{
  "model": "productos.marca",
  "pk": 3,
  "fields": {
    "nombre": "Mitsubishi",
    "logo": "",
    "descripcion": "",
    "activa": true
  }
},
{
  "model": "productos.marca",
  "pk": 4,
  "fields": {
    "nombre": "Ford y Mazda",
    "logo": "",
    "descripcion": "",
    "activa": true
  }
},
{
  "model": "productos.marca",
  "pk": 5,
  "fields": {
    "nombre": "Ford",
    "logo": "",
    "descripcion": "",
    "activa": true
  }
},
{
  "model": "productos.marca",
  "pk": 6,
  "fields": {
    "nombre": "Varta",
    "logo": "",
    "descripcion": "",
    "activa": true
  }
},
{
  "model": "productos.marca",
  "pk": 7,
  "fields": {
    "nombre": "Toyota",
    "logo": "",
    "descripcion": "",
    "activa": true
  }
},
{
  "model": "productos.marca",
  "pk": 8,
  "fields": {
    "nombre": "Kia",
    "logo": "",
    "descripcion": "",
    "activa": true
  }
},
{
  "model": "productos.marca",
  "pk": 9,
  "fields": {
    "nombre": "Chevrolet",
    "logo": "",
    "descripcion": "",
    "activa": true
  }
},
{
  "model": "productos.marca",
  "pk": 10,
  "fields": {
    "nombre": "NGK",
    "logo": "",
    "descripcion": "",
    "activa": true
  }
},
{
  "model": "productos.producto",
  "pk": 1,
  "fields": {
    "SKU": "HON-FIL-001",
    "nombre": "Filtro Caja Cambio Honda",
    "slug": "filtro-caja-cambio-honda-hon-fil-001",
    "descripcion": "Repuesto original Honda - Filtro Caja Cambio Honda",
    "descripcion_corta": "",
    "categoria": 1,
    "marca": 1,
    "precio": "35000.00",
    "precio_antes": null,
    "costo": null,
    "stock": 10,
    "stock_minimo": 5,
    "modelo_compatible": "",
    "año_compatible": "",
    "garantia": "",
    "peso": null,
    "dimensiones": "",
    "imagen_principal": "productos/filtro-caja-cambio-honda.jpg",
    "imagen_2": "",
    "imagen_3": "",
    "imagen_4": "",
    "destacado": false,
    "nuevo": true,
    "activo": true,
    "created_at": "2025-12-24T21:59:05Z",
    "updated_at": "2025-12-24T21:59:05Z"
  }
},
{
  "model": "productos.producto",
  "pk": 2,
  "fields": {
    "SKU": "MG-TUE-002",
    "nombre": "Tuercas de seguridad MG ONE,MG ZS,MG ZX",
    "slug": "tuercas-de-seguridad-mg-onemg-zsmg-zx-mg-tue-002",
    "descripcion": "Repuesto original MG - Tuercas de seguridad MG ONE,MG ZS,MG ZX",
    "descripcion_corta": "",
    "categoria": 2,
    "marca": 2,
    "precio": "70000.00",
    "precio_antes": null,
    "costo": null,
    "stock": 10,
    "stock_minimo": 5,
    "modelo_compatible": "",
    "año_compatible": "",
    "garantia": "",
    "peso": null,
    "dimensiones": "",
    "imagen_principal": "productos/tuercas-de-seguridad-mg.jpg",
    "imagen_2": "",
    "imagen_3": "",
    "imagen_4": "",
    "destacado": false,
    "nuevo": true,
    "activo": true,
    "created_at": "2025-12-24T21:59:05Z",
    "updated_at": "2025-12-24T21:59:05Z"
  }
},
{
  "model": "productos.producto",
  "pk": 3,
  "fields": {
    "SKU": "MG-REP-003",
    "nombre": "Venta de repuestos Originales MG",
    "slug": "venta-de-repuestos-originales-mg-mg-rep-003",
    "descripcion": "Repuesto original MG - Venta de repuestos Originales MG",
    "descripcion_corta": "",
    "categoria": 3,
    "marca": 2,
    "precio": "900.00",
    "precio_antes": null,
    "costo": null,
    "stock": 10,
    "stock_minimo": 5,
    "modelo_compatible": "",
    "año_compatible": "",
    "garantia": "",
    "peso": null,
    "dimensiones": "",
    "imagen_principal": "productos/venta-de-respuestos-originales-mg.jpg",
    "imagen_2": "",
    "imagen_3": "",
    "imagen_4": "",
    "destacado": false,
    "nuevo": true,
    "activo": true,
    "created_at": "2025-12-24T21:59:05Z",
    "updated_at": "2025-12-24T21:59:05Z"
  }
},
{
  "model": "productos.producto",
  "pk": 4,
  "fields": {
    "SKU": "HON-ESP-004",
    "nombre": "Espejo Honda City 2014 al 2021",
    "slug": "espejo-honda-city-2014-al-2021-hon-esp-004",
    "descripcion": "Repuesto original Honda - Espejo Honda City 2014 al 2021",
    "descripcion_corta": "",
    "categoria": 4,
    "marca": 1,
    "precio": "230000.00",
    "precio_antes": null,
    "costo": null,
    "stock": 10,
    "stock_minimo": 5,
    "modelo_compatible": "",
    "año_compatible": "",
    "garantia": "",
    "peso": null,
    "dimensiones": "",
    "imagen_principal": "productos/espejo-honda-city-2014-al-2021.jpg",
    "imagen_2": "",
    "imagen_3": "",
    "imagen_4": "",
    "destacado": false,
    "nuevo": true,
    "activo": true,
    "created_at": "2025-12-24T21:59:05Z",
    "updated_at": "2025-12-24T21:59:05Z"
  }
},
{
  "model": "productos.producto",
  "pk": 5,
  "fields": {
    "SKU": "HON-MAS-005",
    "nombre": "Mascara Honda Pilot y Ridgeline",
    "slug": "mascara-honda-pilot-y-ridgeline-hon-mas-005",
    "descripcion": "Repuesto original Honda - Mascara Honda Pilot y Ridgeline",
    "descripcion_corta": "",
    "categoria": 5,
    "marca": 1,
    "precio": "230000.00",
    "precio_antes": null,
    "costo": null,
    "stock": 10,
    "stock_minimo": 5,
    "modelo_compatible": "",
    "año_compatible": "",
    "garantia": "",
    "peso": null,
    "dimensiones": "",
    "imagen_principal": "productos/mascara-honda-pilot-y-ridgeline.jpg",
    "imagen_2": "",
    "imagen_3": "",
    "imagen_4": "",
    "destacado": false,
    "nuevo": true,
    "activo": true,
    "created_at": "2025-12-24T21:59:05Z",
    "updated_at": "2025-12-24T21:59:05Z"
  }
},
{
  "model": "productos.producto",
  "pk": 6,
  "fields": {
    "SKU": "HON-BOM-006",
    "nombre": "Bomba de agua Honda Pilot o Ridgeline",
    "slug": "bomba-de-agua-honda-pilot-o-ridgeline-hon-bom-006",
    "descripcion": "Repuesto original Honda - Bomba de agua Honda Pilot o Ridgeline",
    "descripcion_corta": "",
    "categoria": 6,
    "marca": 1,
    "precio": "230000.00",
    "precio_antes": null,
    "costo": null,
    "stock": 10,
    "stock_minimo": 5,
    "modelo_compatible": "",
    "año_compatible": "",
    "garantia": "",
    "peso": null,
    "dimensiones": "",
    "imagen_principal": "productos/bomba-de-agua-honda-pilot-o-ridgeline.jpg",
    "imagen_2": "",
    "imagen_3": "",
    "imagen_4": "",
    "destacado": false,
    "nuevo": true,
    "activo": true,
    "created_at": "2025-12-24T21:59:05Z",
    "updated_at": "2025-12-24T21:59:05Z"
  }
},
{
  "model": "productos.producto",
  "pk": 7,
  "fields": {
    "SKU": "MIT-ACE-007",
    "nombre": "Aceite motor Mitsubishi",
    "slug": "aceite-motor-mitsubishi-mit-ace-007",
    "descripcion": "Repuesto original Mitsubishi - Aceite motor Mitsubishi",
    "descripcion_corta": "",
    "categoria": 7,
    "marca": 3,
    "precio": "69000.00",
    "precio_antes": null,
    "costo": null,
    "stock": 10,
    "stock_minimo": 5,
    "modelo_compatible": "",
    "año_compatible": "",
    "garantia": "",
    "peso": null,
    "dimensiones": "",
    "imagen_principal": "productos/aceite-motor-mitsubishi.jpg",
    "imagen_2": "",
    "imagen_3": "",
    "imagen_4": "",
    "destacado": false,
    "nuevo": true,
    "activo": true,
    "created_at": "2025-12-24T21:59:05Z",
    "updated_at": "2025-12-24T21:59:05Z"
  }
},
{
  "model": "productos.producto",
  "pk": 8,
  "fields": {
    "SKU": "HON-ACE-008",
    "nombre": "Aceite caja Honda cada uno",
    "slug": "aceite-caja-honda-cada-uno-hon-ace-008",
    "descripcion": "Repuesto original Honda - Aceite caja Honda cada uno",
    "descripcion_corta": "",
    "categoria": 7,
    "marca": 1,
    "precio": "13000.00",
    "precio_antes": null,
    "costo": null,
    "stock": 10,
    "stock_minimo": 5,
    "modelo_compatible": "",
    "año_compatible": "",
    "garantia": "",
    "peso": null,
    "dimensiones": "",
    "imagen_principal": "productos/aceite-caja-honda.jpg",
    "imagen_2": "",
    "imagen_3": "",
    "imagen_4": "",
    "destacado": false,
    "nuevo": true,
    "activo": true,
    "created_at": "2025-12-24T21:59:05Z",
    "updated_at": "2025-12-24T21:59:05Z"
  }
},
{
  "model": "productos.producto",
  "pk": 9,
  "fields": {
    "SKU": "HON-MEN-009",
    "nombre": "Mensula parachoque delantero Honda CRV 2002 al 2006",
    "slug": "mensula-parachoque-delantero-honda-crv-2002-al-2006-hon-men-009",
    "descripcion": "Repuesto original Honda - Mensula parachoque delantero Honda CRV 2002 al 2006",
    "descripcion_corta": "",
    "categoria": 8,
    "marca": 1,
    "precio": "40000.00",
    "precio_antes": null,
    "costo": null,
    "stock": 10,
    "stock_minimo": 5,
    "modelo_compatible": "",
    "año_compatible": "",
    "garantia": "",
    "peso": null,
    "dimensiones": "",
    "imagen_principal": "productos/mensula-parach-delantero-honda.jpg",
    "imagen_2": "",
    "imagen_3": "",
    "imagen_4": "",
    "destacado": false,
    "nuevo": true,
    "activo": true,
    "created_at": "2025-12-24T21:59:05Z",
    "updated_at": "2025-12-24T21:59:05Z"
  }
},
{
  "model": "productos.producto",
  "pk": 10,
  "fields": {
    "SKU": "FOR-TAP-010",
    "nombre": "Tapa deposito agua radiador Ford y Mazda. Original Ford",
    "slug": "tapa-deposito-agua-radiador-ford-y-mazda-original-ford-for-tap-010",
    "descripcion": "Repuesto original Ford y Mazda - Tapa deposito agua radiador Ford y Mazda. Original Ford",
    "descripcion_corta": "",
    "categoria": 9,
    "marca": 4,
    "precio": "25000.00",
    "precio_antes": null,
    "costo": null,
    "stock": 10,
    "stock_minimo": 5,
    "modelo_compatible": "",
    "año_compatible": "",
    "garantia": "",
    "peso": null,
    "dimensiones": "",
    "imagen_principal": "productos/tapa-deposito-agua-radiador-for-mazda.jpg",
    "imagen_2": "",
    "imagen_3": "",
    "imagen_4": "",
    "destacado": false,
    "nuevo": true,
    "activo": true,
    "created_at": "2025-12-24T21:59:05Z",
    "updated_at": "2025-12-24T21:59:05Z"
  }
},
{
  "model": "productos.producto",
  "pk": 11,
  "fields": {
    "SKU": "HON-ACE-011",
    "nombre": "Aceite motor 5W30 Honda",
    "slug": "aceite-motor-5w30-honda-hon-ace-011",
    "descripcion": "Repuesto original Honda - Aceite motor 5W30 Honda",
    "descripcion_corta": "",
    "categoria": 7,
    "marca": 1,
    "precio": "17000.00",
    "precio_antes": null,
    "costo": null,
    "stock": 10,
    "stock_minimo": 5,
    "modelo_compatible": "",
    "año_compatible": "",
    "garantia": "",
    "peso": null,
    "dimensiones": "",
    "imagen_principal": "productos/aceite-motor-honda.jpg",
    "imagen_2": "",
    "imagen_3": "",
    "imagen_4": "",
    "destacado": false,
    "nuevo": true,
    "activo": true,
    "created_at": "2025-12-24T21:59:05Z",
    "updated_at": "2025-12-24T21:59:05Z"
  }
},
{
  "model": "productos.producto",
  "pk": 12,
  "fields": {
    "SKU": "HON-ACE-012",
    "nombre": "Aceite caja CVT modelos hasta 2014",
    "slug": "aceite-caja-cvt-modelos-hasta-2014-hon-ace-012",
    "descripcion": "Repuesto original Honda - Aceite caja CVT modelos hasta 2014",
    "descripcion_corta": "",
    "categoria": 7,
    "marca": 1,
    "precio": "17000.00",
    "precio_antes": null,
    "costo": null,
    "stock": 10,
    "stock_minimo": 5,
    "modelo_compatible": "",
    "año_compatible": "",
    "garantia": "",
    "peso": null,
    "dimensiones": "",
    "imagen_principal": "productos/aceite-caja-honda2.jpg",
    "imagen_2": "",
    "imagen_3": "",
    "imagen_4": "",
    "destacado": false,
    "nuevo": true,
    "activo": true,
    "created_at": "2025-12-24T21:59:05Z",
    "updated_at": "2025-12-24T21:59:05Z"
  }
},
{
  "model": "productos.producto",
  "pk": 13,
  "fields": {
    "SKU": "HON-COO-013",
    "nombre": "Coolant Original Honda",
    "slug": "coolant-original-honda-hon-coo-013",
    "descripcion": "Repuesto original Honda - Coolant Original Honda",
    "descripcion_corta": "",
    "categoria": 10,
    "marca": 1,
    "precio": "35000.00",
    "precio_antes": null,
    "costo": null,
    "stock": 10,
    "stock_minimo": 5,
    "modelo_compatible": "",
    "año_compatible": "",
    "garantia": "",
    "peso": null,
    "dimensiones": "",
    "imagen_principal": "productos/colan-original-honda.jpg",
    "imagen_2": "",
    "imagen_3": "",
    "imagen_4": "",
    "destacado": false,
    "nuevo": true,
    "activo": true,
    "created_at": "2025-12-24T21:59:05Z",
    "updated_at": "2025-12-24T21:59:05Z"
  }
},
{
  "model": "productos.producto",
  "pk": 14,
  "fields": {
    "SKU": "HON-ACE-014",
    "nombre": "Aceite Diferencial Honda VTM-4 / 3.8 lts.",
    "slug": "aceite-diferencial-honda-vtm-4-38-lts-hon-ace-014",
    "descripcion": "Repuesto original Honda - Aceite Diferencial Honda VTM-4 / 3.8 lts.",
    "descripcion_corta": "",
    "categoria": 7,
    "marca": 1,
    "precio": "60000.00",
    "precio_antes": null,
    "costo": null,
    "stock": 10,
    "stock_minimo": 5,
    "modelo_compatible": "",
    "año_compatible": "",
    "garantia": "",
    "peso": null,
    "dimensiones": "",
    "imagen_principal": "productos/aceite-diferencial-honda.jpg",
    "imagen_2": "",
    "imagen_3": "",
    "imagen_4": "",
    "destacado": false,
    "nuevo": true,
    "activo": true,
    "created_at": "2025-12-24T21:59:05Z",
    "updated_at": "2025-12-24T21:59:05Z"
  }
},
{
  "model": "productos.producto",
  "pk": 15,
  "fields": {
    "SKU": "HON-ACE-015",
    "nombre": "Aceite caja ATF-TYPE 3.1",
    "slug": "aceite-caja-atf-type-31-hon-ace-015",
    "descripcion": "Repuesto original Honda - Aceite caja ATF-TYPE 3.1",
    "descripcion_corta": "",
    "categoria": 7,
    "marca": 1,
    "precio": "69000.00",
    "precio_antes": null,
    "costo": null,
    "stock": 10,
    "stock_minimo": 5,
    "modelo_compatible": "",
    "año_compatible": "",
    "garantia": "",
    "peso": null,
    "dimensiones": "",
    "imagen_principal": "productos/aceite-caja-typer-r.jpg",
    "imagen_2": "",
    "imagen_3": "",
    "imagen_4": "",
    "destacado": false,
    "nuevo": true,
    "activo": true,
    "created_at": "2025-12-24T21:59:05Z",
    "updated_at": "2025-12-24T21:59:05Z"
  }
},
{
  "model": "productos.producto",
  "pk": 16,
  "fields": {
    "SKU": "MG-KIT-016",
    "nombre": "Kit Mantención MG ZX/ZC",
    "slug": "kit-mantencion-mg-zxzc-mg-kit-016",
    "descripcion": "Repuesto original MG - Kit Mantención MG ZX/ZC",
    "descripcion_corta": "",
    "categoria": 11,
    "marca": 2,
    "precio": "105000.00",
    "precio_antes": null,
    "costo": null,
    "stock": 10,
    "stock_minimo": 5,
    "modelo_compatible": "",
    "año_compatible": "",
    "garantia": "",
    "peso": null,
    "dimensiones": "",
    "imagen_principal": "productos/kit-mantencion.jpg",
    "imagen_2": "",
    "imagen_3": "",
    "imagen_4": "",
    "destacado": false,
    "nuevo": true,
    "activo": true,
    "created_at": "2025-12-24T21:59:05Z",
    "updated_at": "2025-12-24T21:59:05Z"
  }
},
{
  "model": "productos.producto",
  "pk": 17,
  "fields": {
    "SKU": "MG-FIL-017",
    "nombre": "Filtro Combustible MG",
    "slug": "filtro-combustible-mg-mg-fil-017",
    "descripcion": "Repuesto original MG - Filtro Combustible MG",
    "descripcion_corta": "",
    "categoria": 1,
    "marca": 2,
    "precio": "15000.00",
    "precio_antes": null,
    "costo": null,
    "stock": 10,
    "stock_minimo": 5,
    "modelo_compatible": "",
    "año_compatible": "",
    "garantia": "",
    "peso": null,
    "dimensiones": "",
    "imagen_principal": "productos/filtro-mg.jpg",
    "imagen_2": "",
    "imagen_3": "",
    "imagen_4": "",
    "destacado": false,
    "nuevo": true,
    "activo": true,
    "created_at": "2025-12-24T21:59:05Z",
    "updated_at": "2025-12-24T21:59:05Z"
  }
},
{
  "model": "productos.producto",
  "pk": 18,
  "fields": {
    "SKU": "FOR-REP-018",
    "nombre": "Venta de repuestos Originales Ford",
    "slug": "venta-de-repuestos-originales-ford-for-rep-018",
    "descripcion": "Repuesto original Ford - Venta de repuestos Originales Ford",
    "descripcion_corta": "",
    "categoria": 12,
    "marca": 5,
    "precio": "45000.00",
    "precio_antes": null,
    "costo": null,
    "stock": 10,
    "stock_minimo": 5,
    "modelo_compatible": "",
    "año_compatible": "",
    "garantia": "",
    "peso": null,
    "dimensiones": "",
    "imagen_principal": "productos/for.jpg",
    "imagen_2": "",
    "imagen_3": "",
    "imagen_4": "",
    "destacado": false,
    "nuevo": true,
    "activo": true,
    "created_at": "2025-12-24T21:59:06Z",
    "updated_at": "2025-12-24T21:59:06Z"
  }
},
{
  "model": "productos.producto",
  "pk": 19,
  "fields": {
    "SKU": "VAR-BAT-019",
    "nombre": "Batería de auto 12V",
    "slug": "bateria-de-auto-12v-var-bat-019",
    "descripcion": "Repuesto original Varta - Batería de auto 12V",
    "descripcion_corta": "",
    "categoria": 13,
    "marca": 6,
    "precio": "120000.00",
    "precio_antes": null,
    "costo": null,
    "stock": 10,
    "stock_minimo": 5,
    "modelo_compatible": "",
    "año_compatible": "",
    "garantia": "",
    "peso": null,
    "dimensiones": "",
    "imagen_principal": "productos/disponible-variedad.jpg",
    "imagen_2": "",
    "imagen_3": "",
    "imagen_4": "",
    "destacado": false,
    "nuevo": true,
    "activo": true,
    "created_at": "2025-12-24T21:59:06Z",
    "updated_at": "2025-12-24T21:59:06Z"
  }
},
{
  "model": "productos.producto",
  "pk": 20,
  "fields": {
    "SKU": "HON-FRE-020",
    "nombre": "Pastillas de freno Honda Civic",
    "slug": "pastillas-de-freno-honda-civic-hon-fre-020",
    "descripcion": "Repuesto original Honda - Pastillas de freno Honda Civic",
    "descripcion_corta": "",
    "categoria": 14,
    "marca": 1,
    "precio": "80000.00",
    "precio_antes": null,
    "costo": null,
    "stock": 10,
    "stock_minimo": 5,
    "modelo_compatible": "",
    "año_compatible": "",
    "garantia": "",
    "peso": null,
    "dimensiones": "",
    "imagen_principal": "productos/410201-PD391H-802.jpg",
    "imagen_2": "",
    "imagen_3": "",
    "imagen_4": "",
    "destacado": false,
    "nuevo": true,
    "activo": true,
    "created_at": "2025-12-24T21:59:06Z",
    "updated_at": "2025-12-24T21:59:06Z"
  }
},
{
  "model": "productos.producto",
  "pk": 21,
  "fields": {
    "SKU": "TOY-AMO-021",
    "nombre": "Amortiguadores delanteros Toyota Corolla",
    "slug": "amortiguadores-delanteros-toyota-corolla-toy-amo-021",
    "descripcion": "Repuesto original Toyota - Amortiguadores delanteros Toyota Corolla",
    "descripcion_corta": "",
    "categoria": 15,
    "marca": 7,
    "precio": "150000.00",
    "precio_antes": null,
    "costo": null,
    "stock": 10,
    "stock_minimo": 5,
    "modelo_compatible": "",
    "año_compatible": "",
    "garantia": "",
    "peso": null,
    "dimensiones": "",
    "imagen_principal": "productos/disponible-variedad.jpg",
    "imagen_2": "",
    "imagen_3": "",
    "imagen_4": "",
    "destacado": false,
    "nuevo": true,
    "activo": true,
    "created_at": "2025-12-24T21:59:06Z",
    "updated_at": "2025-12-24T21:59:06Z"
  }
},
{
  "model": "productos.producto",
  "pk": 22,
  "fields": {
    "SKU": "KIA-COR-022",
    "nombre": "Correa de distribución Kia Rio",
    "slug": "correa-de-distribucion-kia-rio-kia-cor-022",
    "descripcion": "Repuesto original Kia - Correa de distribución Kia Rio",
    "descripcion_corta": "",
    "categoria": 16,
    "marca": 8,
    "precio": "50000.00",
    "precio_antes": null,
    "costo": null,
    "stock": 10,
    "stock_minimo": 5,
    "modelo_compatible": "",
    "año_compatible": "",
    "garantia": "",
    "peso": null,
    "dimensiones": "",
    "imagen_principal": "productos/disponible-variedad.jpg",
    "imagen_2": "",
    "imagen_3": "",
    "imagen_4": "",
    "destacado": false,
    "nuevo": true,
    "activo": true,
    "created_at": "2025-12-24T21:59:06Z",
    "updated_at": "2025-12-24T21:59:06Z"
  }
},
{
  "model": "productos.producto",
  "pk": 23,
  "fields": {
    "SKU": "CHE-RAD-023",
    "nombre": "Radiador Chevrolet Spark",
    "slug": "radiador-chevrolet-spark-che-rad-023",
    "descripcion": "Repuesto original Chevrolet - Radiador Chevrolet Spark",
    "descripcion_corta": "",
    "categoria": 17,
    "marca": 9,
    "precio": "90000.00",
    "precio_antes": null,
    "costo": null,
    "stock": 10,
    "stock_minimo": 5,
    "modelo_compatible": "",
    "año_compatible": "",
    "garantia": "",
    "peso": null,
    "dimensiones": "",
    "imagen_principal": "productos/disponible-variedad.jpg",
    "imagen_2": "",
    "imagen_3": "",
    "imagen_4": "",
    "destacado": false,
    "nuevo": true,
    "activo": true,
    "created_at": "2025-12-24T21:59:06Z",
    "updated_at": "2025-12-24T21:59:06Z"
  }
},
{
  "model": "productos.producto",
  "pk": 24,
  "fields": {
    "SKU": "NGK-BUJ-024",
    "nombre": "Bujías NGK para motor 1.6L",
    "slug": "bujias-ngk-para-motor-16l-ngk-buj-024",
    "descripcion": "Repuesto original NGK - Bujías NGK para motor 1.6L",
    "descripcion_corta": "",
    "categoria": 18,
    "marca": 10,
    "precio": "25000.00",
    "precio_antes": null,
    "costo": null,
    "stock": 10,
    "stock_minimo": 5,
    "modelo_compatible": "",
    "año_compatible": "",
    "garantia": "",
    "peso": null,
    "dimensiones": "",
    "imagen_principal": "productos/disponible-variedad.jpg",
    "imagen_2": "",
    "imagen_3": "",
    "imagen_4": "",
    "destacado": false,
    "nuevo": true,
    "activo": true,
    "created_at": "2025-12-24T21:59:06Z",
    "updated_at": "2025-12-24T21:59:06Z"
  }
},
{
  "model": "pedidos.orden",
  "pk": 1,
  "fields": {
    "numero_orden": "ORD-870A50E8",
    "usuario": null,
    "estado": "pendiente",
    "fecha_creacion": "2025-12-24T22:56:00Z",
    "fecha_confirmacion": null,
    "fecha_pago": null,
    "fecha_envio": null,
    "fecha_entrega": null,
    "cliente_nombre": "Test Guest",
    "cliente_apellido": "User",
    "cliente_email": "guest@test.com",
    "cliente_telefono": "+56912345678",
    "cliente_rut": "",
    "direccion_calle": "Test St",
    "direccion_numero": "123",
    "direccion_dpto": "",
    "direccion_comuna": "Santiago",
    "direccion_region": "RM",
    "direccion_codigo_postal": "",
    "direccion_indicaciones": "",
    "metodo_pago": "transferencia",
    "metodo_envio": "domicilio",
    "subtotal": "45000.00",
    "costo_envio": "0.00",
    "descuento": "0.00",
    "iva": "8550.00",
    "total": "45000.00",
    "referencia_pago": "",
    "comprobante_pago": "",
    "notas": "",
    "codigo_seguimiento": "",
    "url_seguimiento": ""
  }
},
{
  "model": "pedidos.orden",
  "pk": 2,
  "fields": {
    "numero_orden": "ORD-368BF9A3",
    "usuario": null,
    "estado": "pendiente",
    "fecha_creacion": "2025-12-24T22:56:36Z",
    "fecha_confirmacion": null,
    "fecha_pago": null,
    "fecha_envio": null,
    "fecha_entrega": null,
    "cliente_nombre": "Test Guest",
    "cliente_apellido": "User",
    "cliente_email": "guest@test.com",
    "cliente_telefono": "+56912345678",
    "cliente_rut": "",
    "direccion_calle": "Test St",
    "direccion_numero": "123",
    "direccion_dpto": "",
    "direccion_comuna": "Santiago",
    "direccion_region": "RM",
    "direccion_codigo_postal": "",
    "direccion_indicaciones": "",
    "metodo_pago": "transferencia",
    "metodo_envio": "domicilio",
    "subtotal": "45000.00",
    "costo_envio": "0.00",
    "descuento": "0.00",
    "iva": "8550.00",
    "total": "45000.00",
    "referencia_pago": "",
    "comprobante_pago": "",
    "notas": "",
    "codigo_seguimiento": "",
    "url_seguimiento": ""
  }
},
{
  "model": "pedidos.orden",
  "pk": 3,
  "fields": {
    "numero_orden": "ORD-2234E07B",
    "usuario": 1,
    "estado": "pendiente",
    "fecha_creacion": "2025-12-24T23:06:22Z",
    "fecha_confirmacion": null,
    "fecha_pago": null,
    "fecha_envio": null,
    "fecha_entrega": null,
    "cliente_nombre": "Cristóbal Javier",
    "cliente_apellido": "Montenegro",
    "cliente_email": "cristobal2025.suarez.montenegro@gmail.com",
    "cliente_telefono": "985993861",
    "cliente_rut": "",
    "direccion_calle": "Avenidad General San martin 181 Vallegrande Lampa ",
    "direccion_numero": "181",
    "direccion_dpto": "",
    "direccion_comuna": "Lampa",
    "direccion_region": "Región Metropolitana",
    "direccion_codigo_postal": "",
    "direccion_indicaciones": "",
    "metodo_pago": "mercadopago",
    "metodo_envio": "domicilio",
    "subtotal": "900.00",
    "costo_envio": "0.00",
    "descuento": "0.00",
    "iva": "171.00",
    "total": "900.00",
    "referencia_pago": "",
    "comprobante_pago": "",
    "notas": "",
    "codigo_seguimiento": "",
    "url_seguimiento": ""
  }
},
{
  "model": "pedidos.orden",
  "pk": 4,
  "fields": {
    "numero_orden": "ORD-48A5837A",
    "usuario": null,
    "estado": "pendiente",
    "fecha_creacion": "2025-12-24T23:07:42Z",
    "fecha_confirmacion": null,
    "fecha_pago": null,
    "fecha_envio": null,
    "fecha_entrega": null,
    "cliente_nombre": "Debug User",
    "cliente_apellido": "Debug Lastname",
    "cliente_email": "debug@test.com",
    "cliente_telefono": "+56912345678",
    "cliente_rut": "",
    "direccion_calle": "Debug St",
    "direccion_numero": "123",
    "direccion_dpto": "",
    "direccion_comuna": "Santiago",
    "direccion_region": "RM",
    "direccion_codigo_postal": "",
    "direccion_indicaciones": "",
    "metodo_pago": "mercadopago",
    "metodo_envio": "domicilio",
    "subtotal": "45000.00",
    "costo_envio": "0.00",
    "descuento": "0.00",
    "iva": "8550.00",
    "total": "45000.00",
    "referencia_pago": "",
    "comprobante_pago": "",
    "notas": "",
    "codigo_seguimiento": "",
    "url_seguimiento": ""
  }
},
{
  "model": "pedidos.orden",
  "pk": 5,
  "fields": {
    "numero_orden": "ORD-2E153A8F",
    "usuario": null,
    "estado": "pendiente",
    "fecha_creacion": "2025-12-24T23:08:49Z",
    "fecha_confirmacion": null,
    "fecha_pago": null,
    "fecha_envio": null,
    "fecha_entrega": null,
    "cliente_nombre": "Debug User",
    "cliente_apellido": "Debug Lastname",
    "cliente_email": "debug@test.com",
    "cliente_telefono": "+56912345678",
    "cliente_rut": "",
    "direccion_calle": "Debug St",
    "direccion_numero": "123",
    "direccion_dpto": "",
    "direccion_comuna": "Santiago",
    "direccion_region": "RM",
    "direccion_codigo_postal": "",
    "direccion_indicaciones": "",
    "metodo_pago": "mercadopago",
    "metodo_envio": "domicilio",
    "subtotal": "45000.00",
    "costo_envio": "0.00",
    "descuento": "0.00",
    "iva": "8550.00",
    "total": "45000.00",
    "referencia_pago": "",
    "comprobante_pago": "",
    "notas": "",
    "codigo_seguimiento": "",
    "url_seguimiento": ""
  }
},
{
  "model": "pedidos.orden",
  "pk": 6,
  "fields": {
    "numero_orden": "ORD-798A828B",
    "usuario": null,
    "estado": "pendiente",
    "fecha_creacion": "2025-12-24T23:09:18Z",
    "fecha_confirmacion": null,
    "fecha_pago": null,
    "fecha_envio": null,
    "fecha_entrega": null,
    "cliente_nombre": "Debug User",
    "cliente_apellido": "Debug Lastname",
    "cliente_email": "debug@test.com",
    "cliente_telefono": "+56912345678",
    "cliente_rut": "",
    "direccion_calle": "Debug St",
    "direccion_numero": "123",
    "direccion_dpto": "",
    "direccion_comuna": "Santiago",
    "direccion_region": "RM",
    "direccion_codigo_postal": "",
    "direccion_indicaciones": "",
    "metodo_pago": "mercadopago",
    "metodo_envio": "domicilio",
    "subtotal": "45000.00",
    "costo_envio": "0.00",
    "descuento": "0.00",
    "iva": "8550.00",
    "total": "45000.00",
    "referencia_pago": "",
    "comprobante_pago": "",
    "notas": "",
    "codigo_seguimiento": "",
    "url_seguimiento": ""
  }
},
{
  "model": "pedidos.orden",
  "pk": 7,
  "fields": {
    "numero_orden": "ORD-BCC0137E",
    "usuario": null,
    "estado": "pendiente",
    "fecha_creacion": "2025-12-24T23:10:08Z",
    "fecha_confirmacion": null,
    "fecha_pago": null,
    "fecha_envio": null,
    "fecha_entrega": null,
    "cliente_nombre": "Debug User",
    "cliente_apellido": "Debug Lastname",
    "cliente_email": "debug@test.com",
    "cliente_telefono": "+56912345678",
    "cliente_rut": "",
    "direccion_calle": "Debug St",
    "direccion_numero": "123",
    "direccion_dpto": "",
    "direccion_comuna": "Santiago",
    "direccion_region": "RM",
    "direccion_codigo_postal": "",
    "direccion_indicaciones": "",
    "metodo_pago": "mercadopago",
    "metodo_envio": "domicilio",
    "subtotal": "45000.00",
    "costo_envio": "0.00",
    "descuento": "0.00",
    "iva": "8550.00",
    "total": "45000.00",
    "referencia_pago": "",
    "comprobante_pago": "",
    "notas": "",
    "codigo_seguimiento": "",
    "url_seguimiento": ""
  }
},
{
  "model": "pedidos.orden",
  "pk": 8,
  "fields": {
    "numero_orden": "ORD-4900C1EC",
    "usuario": null,
    "estado": "pendiente",
    "fecha_creacion": "2025-12-24T23:10:52Z",
    "fecha_confirmacion": null,
    "fecha_pago": null,
    "fecha_envio": null,
    "fecha_entrega": null,
    "cliente_nombre": "Debug User",
    "cliente_apellido": "Debug Lastname",
    "cliente_email": "debug@test.com",
    "cliente_telefono": "+56912345678",
    "cliente_rut": "",
    "direccion_calle": "Debug St",
    "direccion_numero": "123",
    "direccion_dpto": "",
    "direccion_comuna": "Santiago",
    "direccion_region": "RM",
    "direccion_codigo_postal": "",
    "direccion_indicaciones": "",
    "metodo_pago": "mercadopago",
    "metodo_envio": "domicilio",
    "subtotal": "45000.00",
    "costo_envio": "0.00",
    "descuento": "0.00",
    "iva": "8550.00",
    "total": "45000.00",
    "referencia_pago": "",
    "comprobante_pago": "",
    "notas": "",
    "codigo_seguimiento": "",
    "url_seguimiento": ""
  }
},
{
  "model": "pedidos.orden",
  "pk": 9,
  "fields": {
    "numero_orden": "ORD-4A42486F",
    "usuario": null,
    "estado": "pendiente",
    "fecha_creacion": "2025-12-24T23:11:24Z",
    "fecha_confirmacion": null,
    "fecha_pago": null,
    "fecha_envio": null,
    "fecha_entrega": null,
    "cliente_nombre": "Debug User",
    "cliente_apellido": "Debug Lastname",
    "cliente_email": "debug@test.com",
    "cliente_telefono": "+56912345678",
    "cliente_rut": "",
    "direccion_calle": "Debug St",
    "direccion_numero": "123",
    "direccion_dpto": "",
    "direccion_comuna": "Santiago",
    "direccion_region": "RM",
    "direccion_codigo_postal": "",
    "direccion_indicaciones": "",
    "metodo_pago": "mercadopago",
    "metodo_envio": "domicilio",
    "subtotal": "45000.00",
    "costo_envio": "0.00",
    "descuento": "0.00",
    "iva": "8550.00",
    "total": "45000.00",
    "referencia_pago": "343776998-9bb2edb3-c9b8-4d5c-a2e0-231b7a573ce0",
    "comprobante_pago": "",
    "notas": "",
    "codigo_seguimiento": "",
    "url_seguimiento": ""
  }
},
{
  "model": "pedidos.orden",
  "pk": 10,
  "fields": {
    "numero_orden": "ORD-25E9D4EA",
    "usuario": 1,
    "estado": "pendiente",
    "fecha_creacion": "2025-12-24T23:13:36Z",
    "fecha_confirmacion": null,
    "fecha_pago": null,
    "fecha_envio": null,
    "fecha_entrega": null,
    "cliente_nombre": "Cristóbal Javier",
    "cliente_apellido": "Montenegro",
    "cliente_email": "cristobal2025.suarez.montenegro@gmail.com",
    "cliente_telefono": "985993861",
    "cliente_rut": "",
    "direccion_calle": "Avenida General San Martín 181 Vallegrande Lampa ",
    "direccion_numero": "181",
    "direccion_dpto": "",
    "direccion_comuna": "Lampa",
    "direccion_region": "Región Metropolitana ",
    "direccion_codigo_postal": "",
    "direccion_indicaciones": "",
    "metodo_pago": "mercadopago",
    "metodo_envio": "domicilio",
    "subtotal": "900.00",
    "costo_envio": "0.00",
    "descuento": "0.00",
    "iva": "171.00",
    "total": "900.00",
    "referencia_pago": "",
    "comprobante_pago": "",
    "notas": "",
    "codigo_seguimiento": "",
    "url_seguimiento": ""
  }
},
{
  "model": "pedidos.orden",
  "pk": 11,
  "fields": {
    "numero_orden": "ORD-E5163F29",
    "usuario": null,
    "estado": "pendiente",
    "fecha_creacion": "2025-12-24T23:15:04Z",
    "fecha_confirmacion": null,
    "fecha_pago": null,
    "fecha_envio": null,
    "fecha_entrega": null,
    "cliente_nombre": "Debug User",
    "cliente_apellido": "Debug Lastname",
    "cliente_email": "debug@test.com",
    "cliente_telefono": "+56912345678",
    "cliente_rut": "",
    "direccion_calle": "Debug St",
    "direccion_numero": "123",
    "direccion_dpto": "",
    "direccion_comuna": "Santiago",
    "direccion_region": "RM",
    "direccion_codigo_postal": "",
    "direccion_indicaciones": "",
    "metodo_pago": "mercadopago",
    "metodo_envio": "domicilio",
    "subtotal": "45000.00",
    "costo_envio": "0.00",
    "descuento": "0.00",
    "iva": "8550.00",
    "total": "45000.00",
    "referencia_pago": "",
    "comprobante_pago": "",
    "notas": "",
    "codigo_seguimiento": "",
    "url_seguimiento": ""
  }
},
{
  "model": "pedidos.orden",
  "pk": 12,
  "fields": {
    "numero_orden": "ORD-95E3D8F7",
    "usuario": 1,
    "estado": "pendiente",
    "fecha_creacion": "2025-12-24T23:17:44Z",
    "fecha_confirmacion": null,
    "fecha_pago": null,
    "fecha_envio": null,
    "fecha_entrega": null,
    "cliente_nombre": "Cristóbal Javier",
    "cliente_apellido": "Montenegro",
    "cliente_email": "cristobal2025.suarez.montenegro@gmail.com",
    "cliente_telefono": "985993861",
    "cliente_rut": "",
    "direccion_calle": "Avenida General San Martin 181 Vallegrande Lampa",
    "direccion_numero": "181",
    "direccion_dpto": "",
    "direccion_comuna": "Lampa",
    "direccion_region": "Región Metropolitana ",
    "direccion_codigo_postal": "",
    "direccion_indicaciones": "",
    "metodo_pago": "mercadopago",
    "metodo_envio": "domicilio",
    "subtotal": "900.00",
    "costo_envio": "0.00",
    "descuento": "0.00",
    "iva": "171.00",
    "total": "900.00",
    "referencia_pago": "",
    "comprobante_pago": "",
    "notas": "",
    "codigo_seguimiento": "",
    "url_seguimiento": ""
  }
},
{
  "model": "pedidos.orden",
  "pk": 13,
  "fields": {
    "numero_orden": "ORD-5F896E64",
    "usuario": 1,
    "estado": "pendiente",
    "fecha_creacion": "2025-12-24T23:20:48Z",
    "fecha_confirmacion": null,
    "fecha_pago": null,
    "fecha_envio": null,
    "fecha_entrega": null,
    "cliente_nombre": "Cristóbal Javier",
    "cliente_apellido": "Montenegro",
    "cliente_email": "cristobal2025.suarez.montenegro@gmail.com",
    "cliente_telefono": "985993861",
    "cliente_rut": "",
    "direccion_calle": "Avenida General San Martin 181 Vallegrande Lampa",
    "direccion_numero": "181",
    "direccion_dpto": "",
    "direccion_comuna": "Lampa",
    "direccion_region": "Región Metropolitana ",
    "direccion_codigo_postal": "",
    "direccion_indicaciones": "",
    "metodo_pago": "mercadopago",
    "metodo_envio": "domicilio",
    "subtotal": "900.00",
    "costo_envio": "0.00",
    "descuento": "0.00",
    "iva": "171.00",
    "total": "900.00",
    "referencia_pago": "",
    "comprobante_pago": "",
    "notas": "",
    "codigo_seguimiento": "",
    "url_seguimiento": ""
  }
},
{
  "model": "pedidos.orden",
  "pk": 14,
  "fields": {
    "numero_orden": "ORD-155C2B4F",
    "usuario": 1,
    "estado": "pendiente",
    "fecha_creacion": "2025-12-24T23:22:02Z",
    "fecha_confirmacion": null,
    "fecha_pago": null,
    "fecha_envio": null,
    "fecha_entrega": null,
    "cliente_nombre": "Cristóbal Javier",
    "cliente_apellido": "Montenegro",
    "cliente_email": "cristobal2025.suarez.montenegro@gmail.com",
    "cliente_telefono": "985993861",
    "cliente_rut": "",
    "direccion_calle": "Avenida General San Martin 181 Vallegrande Lampa ",
    "direccion_numero": "181",
    "direccion_dpto": "",
    "direccion_comuna": "Lampa",
    "direccion_region": "Región Metropolitana ",
    "direccion_codigo_postal": "",
    "direccion_indicaciones": "",
    "metodo_pago": "mercadopago",
    "metodo_envio": "domicilio",
    "subtotal": "900.00",
    "costo_envio": "0.00",
    "descuento": "0.00",
    "iva": "171.00",
    "total": "900.00",
    "referencia_pago": "",
    "comprobante_pago": "",
    "notas": "",
    "codigo_seguimiento": "",
    "url_seguimiento": ""
  }
},
{
  "model": "pedidos.orden",
  "pk": 15,
  "fields": {
    "numero_orden": "ORD-6E4A8334",
    "usuario": 1,
    "estado": "pendiente",
    "fecha_creacion": "2025-12-24T23:22:14Z",
    "fecha_confirmacion": null,
    "fecha_pago": null,
    "fecha_envio": null,
    "fecha_entrega": null,
    "cliente_nombre": "Cristóbal Javier",
    "cliente_apellido": "Montenegro",
    "cliente_email": "cristobal2025.suarez.montenegro@gmail.com",
    "cliente_telefono": "985993861",
    "cliente_rut": "",
    "direccion_calle": "Avenida General San Martin 181 Vallegrande Lampa ",
    "direccion_numero": "181",
    "direccion_dpto": "",
    "direccion_comuna": "Lampa",
    "direccion_region": "Región Metropolitana ",
    "direccion_codigo_postal": "",
    "direccion_indicaciones": "",
    "metodo_pago": "mercadopago",
    "metodo_envio": "domicilio",
    "subtotal": "900.00",
    "costo_envio": "0.00",
    "descuento": "0.00",
    "iva": "171.00",
    "total": "900.00",
    "referencia_pago": "",
    "comprobante_pago": "",
    "notas": "",
    "codigo_seguimiento": "",
    "url_seguimiento": ""
  }
},
{
  "model": "pedidos.orden",
  "pk": 16,
  "fields": {
    "numero_orden": "ORD-580FDF28",
    "usuario": null,
    "estado": "pendiente",
    "fecha_creacion": "2025-12-26T02:29:51Z",
    "fecha_confirmacion": null,
    "fecha_pago": null,
    "fecha_envio": null,
    "fecha_entrega": null,
    "cliente_nombre": "Test",
    "cliente_apellido": "User",
    "cliente_email": "test@user.com",
    "cliente_telefono": "123456789",
    "cliente_rut": "",
    "direccion_calle": "Test St",
    "direccion_numero": "123",
    "direccion_dpto": "",
    "direccion_comuna": "TestComuna",
    "direccion_region": "TestRegion",
    "direccion_codigo_postal": "",
    "direccion_indicaciones": "",
    "metodo_pago": "mercadopago",
    "metodo_envio": "domicilio",
    "subtotal": "45000.00",
    "costo_envio": "0.00",
    "descuento": "0.00",
    "iva": "8550.00",
    "total": "45000.00",
    "referencia_pago": "",
    "comprobante_pago": "",
    "notas": "",
    "codigo_seguimiento": "",
    "url_seguimiento": ""
  }
},
{
  "model": "pedidos.orden",
  "pk": 17,
  "fields": {
    "numero_orden": "ORD-474E6EFE",
    "usuario": 1,
    "estado": "pendiente",
    "fecha_creacion": "2025-12-26T02:32:38Z",
    "fecha_confirmacion": null,
    "fecha_pago": null,
    "fecha_envio": null,
    "fecha_entrega": null,
    "cliente_nombre": "Cristóbal Javier",
    "cliente_apellido": "Montenegro",
    "cliente_email": "cristobal2025.suarez.montenegro@gmail.com",
    "cliente_telefono": "985993861",
    "cliente_rut": "",
    "direccion_calle": "Avenida General San Martín 181 Vallegrande Lampa",
    "direccion_numero": "181",
    "direccion_dpto": "",
    "direccion_comuna": "Lampa ",
    "direccion_region": "Región Metropolitana ",
    "direccion_codigo_postal": "",
    "direccion_indicaciones": "",
    "metodo_pago": "mercadopago",
    "metodo_envio": "domicilio",
    "subtotal": "900.00",
    "costo_envio": "0.00",
    "descuento": "0.00",
    "iva": "171.00",
    "total": "900.00",
    "referencia_pago": "",
    "comprobante_pago": "",
    "notas": "",
    "codigo_seguimiento": "",
    "url_seguimiento": ""
  }
},
{
  "model": "pedidos.orden",
  "pk": 18,
  "fields": {
    "numero_orden": "ORD-8FA31628",
    "usuario": 1,
    "estado": "pendiente",
    "fecha_creacion": "2025-12-26T02:37:48Z",
    "fecha_confirmacion": null,
    "fecha_pago": null,
    "fecha_envio": null,
    "fecha_entrega": null,
    "cliente_nombre": "Cristóbal Javier",
    "cliente_apellido": "Montenegro",
    "cliente_email": "cristobal2025.suarez.montenegro@gmail.com",
    "cliente_telefono": "985993861",
    "cliente_rut": "",
    "direccion_calle": "Avenida General San Martín 181 vallegrande Lampa ",
    "direccion_numero": "181",
    "direccion_dpto": "",
    "direccion_comuna": "Lampa",
    "direccion_region": "Region metropolitana",
    "direccion_codigo_postal": "",
    "direccion_indicaciones": "",
    "metodo_pago": "mercadopago",
    "metodo_envio": "domicilio",
    "subtotal": "900.00",
    "costo_envio": "0.00",
    "descuento": "0.00",
    "iva": "171.00",
    "total": "900.00",
    "referencia_pago": "",
    "comprobante_pago": "",
    "notas": "",
    "codigo_seguimiento": "",
    "url_seguimiento": ""
  }
},
{
  "model": "pedidos.orden",
  "pk": 19,
  "fields": {
    "numero_orden": "ORD-F82772AA",
    "usuario": 1,
    "estado": "pendiente",
    "fecha_creacion": "2025-12-26T02:46:44Z",
    "fecha_confirmacion": null,
    "fecha_pago": null,
    "fecha_envio": null,
    "fecha_entrega": null,
    "cliente_nombre": "Cristóbal Javier",
    "cliente_apellido": "Montenegro",
    "cliente_email": "cristobal2025.suarez.montenegro@gmail.com",
    "cliente_telefono": "985993861",
    "cliente_rut": "",
    "direccion_calle": "Avenida General San martin 181 Vallegrande Lampa",
    "direccion_numero": "casa ",
    "direccion_dpto": "",
    "direccion_comuna": "Lampa",
    "direccion_region": "Region Metropolitana ",
    "direccion_codigo_postal": "",
    "direccion_indicaciones": "",
    "metodo_pago": "mercadopago",
    "metodo_envio": "domicilio",
    "subtotal": "900.00",
    "costo_envio": "0.00",
    "descuento": "0.00",
    "iva": "171.00",
    "total": "900.00",
    "referencia_pago": "",
    "comprobante_pago": "",
    "notas": "",
    "codigo_seguimiento": "",
    "url_seguimiento": ""
  }
},
{
  "model": "pedidos.orden",
  "pk": 20,
  "fields": {
    "numero_orden": "ORD-0C577036",
    "usuario": null,
    "estado": "pendiente",
    "fecha_creacion": "2025-12-26T02:48:00Z",
    "fecha_confirmacion": null,
    "fecha_pago": null,
    "fecha_envio": null,
    "fecha_entrega": null,
    "cliente_nombre": "Cristóbal Javier",
    "cliente_apellido": "Montenegro",
    "cliente_email": "cristobal2025.suarez.montenegro@gmail.com",
    "cliente_telefono": "985993861",
    "cliente_rut": "",
    "direccion_calle": "Avenida General San Martin 181 Vallegrande Lampa",
    "direccion_numero": "181",
    "direccion_dpto": "",
    "direccion_comuna": "Lampa",
    "direccion_region": "Region metropolitana",
    "direccion_codigo_postal": "",
    "direccion_indicaciones": "",
    "metodo_pago": "mercadopago",
    "metodo_envio": "domicilio",
    "subtotal": "900.00",
    "costo_envio": "0.00",
    "descuento": "0.00",
    "iva": "171.00",
    "total": "900.00",
    "referencia_pago": "",
    "comprobante_pago": "",
    "notas": "",
    "codigo_seguimiento": "",
    "url_seguimiento": ""
  }
},
{
  "model": "pedidos.orden",
  "pk": 21,
  "fields": {
    "numero_orden": "ORD-E1836030",
    "usuario": null,
    "estado": "pendiente",
    "fecha_creacion": "2025-12-26T02:50:43Z",
    "fecha_confirmacion": null,
    "fecha_pago": null,
    "fecha_envio": null,
    "fecha_entrega": null,
    "cliente_nombre": "Test",
    "cliente_apellido": "User",
    "cliente_email": "test@user.com",
    "cliente_telefono": "123456789",
    "cliente_rut": "",
    "direccion_calle": "Test St",
    "direccion_numero": "123",
    "direccion_dpto": "",
    "direccion_comuna": "TestComuna",
    "direccion_region": "TestRegion",
    "direccion_codigo_postal": "",
    "direccion_indicaciones": "",
    "metodo_pago": "mercadopago",
    "metodo_envio": "domicilio",
    "subtotal": "45000.00",
    "costo_envio": "0.00",
    "descuento": "0.00",
    "iva": "8550.00",
    "total": "45000.00",
    "referencia_pago": "",
    "comprobante_pago": "",
    "notas": "",
    "codigo_seguimiento": "",
    "url_seguimiento": ""
  }
},
{
  "model": "pedidos.orden",
  "pk": 22,
  "fields": {
    "numero_orden": "ORD-EEF7C5BD",
    "usuario": 1,
    "estado": "pendiente",
    "fecha_creacion": "2025-12-26T16:31:01Z",
    "fecha_confirmacion": null,
    "fecha_pago": null,
    "fecha_envio": null,
    "fecha_entrega": null,
    "cliente_nombre": "Cristóbal Javier",
    "cliente_apellido": "Montenegro",
    "cliente_email": "testuser7@gmail.com",
    "cliente_telefono": "985993861",
    "cliente_rut": "",
    "direccion_calle": "Avenidas General san martin 181",
    "direccion_numero": "181",
    "direccion_dpto": "",
    "direccion_comuna": "Lampa",
    "direccion_region": "Region metropolitana ",
    "direccion_codigo_postal": "",
    "direccion_indicaciones": "",
    "metodo_pago": "mercadopago",
    "metodo_envio": "domicilio",
    "subtotal": "900.00",
    "costo_envio": "0.00",
    "descuento": "0.00",
    "iva": "171.00",
    "total": "900.00",
    "referencia_pago": "2914738060-5df2179d-fd47-4ac5-9353-b5fa8f3af57a",
    "comprobante_pago": "",
    "notas": "",
    "codigo_seguimiento": "",
    "url_seguimiento": ""
  }
},
{
  "model": "pedidos.orden",
  "pk": 23,
  "fields": {
    "numero_orden": "ORD-35A62667",
    "usuario": 1,
    "estado": "pendiente",
    "fecha_creacion": "2025-12-26T16:32:02Z",
    "fecha_confirmacion": null,
    "fecha_pago": null,
    "fecha_envio": null,
    "fecha_entrega": null,
    "cliente_nombre": "Cristóbal Javier",
    "cliente_apellido": "Montenegro",
    "cliente_email": "testuser7@gmail.com",
    "cliente_telefono": "985993861",
    "cliente_rut": "",
    "direccion_calle": "Avenidas General san martin 181",
    "direccion_numero": "181",
    "direccion_dpto": "",
    "direccion_comuna": "Lampa",
    "direccion_region": "Region metropolitana ",
    "direccion_codigo_postal": "",
    "direccion_indicaciones": "",
    "metodo_pago": "mercadopago",
    "metodo_envio": "domicilio",
    "subtotal": "900.00",
    "costo_envio": "0.00",
    "descuento": "0.00",
    "iva": "171.00",
    "total": "900.00",
    "referencia_pago": "2914738060-5045e2bd-cf1d-4dd2-856c-c4b27dec63fa",
    "comprobante_pago": "",
    "notas": "",
    "codigo_seguimiento": "",
    "url_seguimiento": ""
  }
},
{
  "model": "pedidos.orden",
  "pk": 24,
  "fields": {
    "numero_orden": "ORD-E462ABC5",
    "usuario": 1,
    "estado": "pendiente",
    "fecha_creacion": "2025-12-26T16:34:15Z",
    "fecha_confirmacion": null,
    "fecha_pago": null,
    "fecha_envio": null,
    "fecha_entrega": null,
    "cliente_nombre": "Cristóbal Javier",
    "cliente_apellido": "Montenegro",
    "cliente_email": "testuser7@gmail.com",
    "cliente_telefono": "985993861",
    "cliente_rut": "",
    "direccion_calle": "Avenidas General san martin 181",
    "direccion_numero": "181",
    "direccion_dpto": "",
    "direccion_comuna": "Lampa",
    "direccion_region": "Region metropolitana ",
    "direccion_codigo_postal": "",
    "direccion_indicaciones": "",
    "metodo_pago": "transferencia",
    "metodo_envio": "domicilio",
    "subtotal": "900.00",
    "costo_envio": "0.00",
    "descuento": "0.00",
    "iva": "171.00",
    "total": "900.00",
    "referencia_pago": "",
    "comprobante_pago": "",
    "notas": "",
    "codigo_seguimiento": "",
    "url_seguimiento": ""
  }
},
{
  "model": "pedidos.orden",
  "pk": 25,
  "fields": {
    "numero_orden": "ORD-2AD8B94B",
    "usuario": 1,
    "estado": "pendiente",
    "fecha_creacion": "2025-12-26T17:01:58Z",
    "fecha_confirmacion": null,
    "fecha_pago": null,
    "fecha_envio": null,
    "fecha_entrega": null,
    "cliente_nombre": "Cristóbal Javier",
    "cliente_apellido": "Montenegro",
    "cliente_email": "testuser7@gmail.com",
    "cliente_telefono": "985993861",
    "cliente_rut": "",
    "direccion_calle": "Avenida General San martin 181 Vallegrande Lampa ",
    "direccion_numero": "181",
    "direccion_dpto": "",
    "direccion_comuna": "Lampa",
    "direccion_region": "Region metropolitana ",
    "direccion_codigo_postal": "",
    "direccion_indicaciones": "",
    "metodo_pago": "mercadopago",
    "metodo_envio": "domicilio",
    "subtotal": "900.00",
    "costo_envio": "0.00",
    "descuento": "0.00",
    "iva": "171.00",
    "total": "900.00",
    "referencia_pago": "2914738060-eae61329-a5bb-4849-839c-4b3a51b4ebc1",
    "comprobante_pago": "",
    "notas": "",
    "codigo_seguimiento": "",
    "url_seguimiento": ""
  }
},
{
  "model": "pedidos.orden",
  "pk": 26,
  "fields": {
    "numero_orden": "ORD-CBF5F4A0",
    "usuario": 1,
    "estado": "pendiente",
    "fecha_creacion": "2025-12-26T17:02:22Z",
    "fecha_confirmacion": null,
    "fecha_pago": null,
    "fecha_envio": null,
    "fecha_entrega": null,
    "cliente_nombre": "Cristóbal Javier",
    "cliente_apellido": "Montenegro",
    "cliente_email": "testuser7@gmail.com",
    "cliente_telefono": "985993861",
    "cliente_rut": "",
    "direccion_calle": "Avenida General San martin 181 Vallegrande Lampa ",
    "direccion_numero": "181",
    "direccion_dpto": "",
    "direccion_comuna": "Lampa",
    "direccion_region": "Region metropolitana ",
    "direccion_codigo_postal": "",
    "direccion_indicaciones": "",
    "metodo_pago": "transferencia",
    "metodo_envio": "domicilio",
    "subtotal": "900.00",
    "costo_envio": "0.00",
    "descuento": "0.00",
    "iva": "171.00",
    "total": "900.00",
    "referencia_pago": "",
    "comprobante_pago": "",
    "notas": "",
    "codigo_seguimiento": "",
    "url_seguimiento": ""
  }
},
{
  "model": "pedidos.detalleorden",
  "pk": 1,
  "fields": {
    "orden": 1,
    "producto": 18,
    "cantidad": 1,
    "precio_unitario": "45000.00",
    "subtotal": "45000.00"
  }
},
{
  "model": "pedidos.detalleorden",
  "pk": 2,
  "fields": {
    "orden": 2,
    "producto": 18,
    "cantidad": 1,
    "precio_unitario": "45000.00",
    "subtotal": "45000.00"
  }
},
{
  "model": "pedidos.detalleorden",
  "pk": 3,
  "fields": {
    "orden": 3,
    "producto": 3,
    "cantidad": 1,
    "precio_unitario": "900.00",
    "subtotal": "900.00"
  }
},
{
  "model": "pedidos.detalleorden",
  "pk": 4,
  "fields": {
    "orden": 4,
    "producto": 18,
    "cantidad": 1,
    "precio_unitario": "45000.00",
    "subtotal": "45000.00"
  }
},
{
  "model": "pedidos.detalleorden",
  "pk": 5,
  "fields": {
    "orden": 5,
    "producto": 18,
    "cantidad": 1,
    "precio_unitario": "45000.00",
    "subtotal": "45000.00"
  }
},
{
  "model": "pedidos.detalleorden",
  "pk": 6,
  "fields": {
    "orden": 6,
    "producto": 18,
    "cantidad": 1,
    "precio_unitario": "45000.00",
    "subtotal": "45000.00"
  }
},
{
  "model": "pedidos.detalleorden",
  "pk": 7,
  "fields": {
    "orden": 7,
    "producto": 18,
    "cantidad": 1,
    "precio_unitario": "45000.00",
    "subtotal": "45000.00"
  }
},
{
  "model": "pedidos.detalleorden",
  "pk": 8,
  "fields": {
    "orden": 8,
    "producto": 18,
    "cantidad": 1,
    "precio_unitario": "45000.00",
    "subtotal": "45000.00"
  }
},
{
  "model": "pedidos.detalleorden",
  "pk": 9,
  "fields": {
    "orden": 9,
    "producto": 18,
    "cantidad": 1,
    "precio_unitario": "45000.00",
    "subtotal": "45000.00"
  }
},
{
  "model": "pedidos.detalleorden",
  "pk": 10,
  "fields": {
    "orden": 10,
    "producto": 3,
    "cantidad": 1,
    "precio_unitario": "900.00",
    "subtotal": "900.00"
  }
},
{
  "model": "pedidos.detalleorden",
  "pk": 11,
  "fields": {
    "orden": 11,
    "producto": 18,
    "cantidad": 1,
    "precio_unitario": "45000.00",
    "subtotal": "45000.00"
  }
},
{
  "model": "pedidos.detalleorden",
  "pk": 12,
  "fields": {
    "orden": 12,
    "producto": 3,
    "cantidad": 1,
    "precio_unitario": "900.00",
    "subtotal": "900.00"
  }
},
{
  "model": "pedidos.detalleorden",
  "pk": 13,
  "fields": {
    "orden": 13,
    "producto": 3,
    "cantidad": 1,
    "precio_unitario": "900.00",
    "subtotal": "900.00"
  }
},
{
  "model": "pedidos.detalleorden",
  "pk": 14,
  "fields": {
    "orden": 14,
    "producto": 3,
    "cantidad": 1,
    "precio_unitario": "900.00",
    "subtotal": "900.00"
  }
},
{
  "model": "pedidos.detalleorden",
  "pk": 15,
  "fields": {
    "orden": 15,
    "producto": 3,
    "cantidad": 1,
    "precio_unitario": "900.00",
    "subtotal": "900.00"
  }
},
{
  "model": "pedidos.detalleorden",
  "pk": 16,
  "fields": {
    "orden": 16,
    "producto": 18,
    "cantidad": 1,
    "precio_unitario": "45000.00",
    "subtotal": "45000.00"
  }
},
{
  "model": "pedidos.detalleorden",
  "pk": 17,
  "fields": {
    "orden": 17,
    "producto": 3,
    "cantidad": 1,
    "precio_unitario": "900.00",
    "subtotal": "900.00"
  }
},
{
  "model": "pedidos.detalleorden",
  "pk": 18,
  "fields": {
    "orden": 18,
    "producto": 3,
    "cantidad": 1,
    "precio_unitario": "900.00",
    "subtotal": "900.00"
  }
},
{
  "model": "pedidos.detalleorden",
  "pk": 19,
  "fields": {
    "orden": 19,
    "producto": 3,
    "cantidad": 1,
    "precio_unitario": "900.00",
    "subtotal": "900.00"
  }
},
{
  "model": "pedidos.detalleorden",
  "pk": 20,
  "fields": {
    "orden": 20,
    "producto": 3,
    "cantidad": 1,
    "precio_unitario": "900.00",
    "subtotal": "900.00"
  }
},
{
  "model": "pedidos.detalleorden",
  "pk": 21,
  "fields": {
    "orden": 21,
    "producto": 18,
    "cantidad": 1,
    "precio_unitario": "45000.00",
    "subtotal": "45000.00"
  }
},
{
  "model": "pedidos.detalleorden",
  "pk": 22,
  "fields": {
    "orden": 22,
    "producto": 3,
    "cantidad": 1,
    "precio_unitario": "900.00",
    "subtotal": "900.00"
  }
},
{
  "model": "pedidos.detalleorden",
  "pk": 23,
  "fields": {
    "orden": 23,
    "producto": 3,
    "cantidad": 1,
    "precio_unitario": "900.00",
    "subtotal": "900.00"
  }
},
{
  "model": "pedidos.detalleorden",
  "pk": 24,
  "fields": {
    "orden": 24,
    "producto": 3,
    "cantidad": 1,
    "precio_unitario": "900.00",
    "subtotal": "900.00"
  }
},
{
  "model": "pedidos.detalleorden",
  "pk": 25,
  "fields": {
    "orden": 25,
    "producto": 3,
    "cantidad": 1,
    "precio_unitario": "900.00",
    "subtotal": "900.00"
  }
},
{
  "model": "pedidos.detalleorden",
  "pk": 26,
  "fields": {
    "orden": 26,
    "producto": 3,
    "cantidad": 1,
    "precio_unitario": "900.00",
    "subtotal": "900.00"
  }
},
{
  "model": "usuarios.usuario",
  "pk": 1,
  "fields": {
    "password": "pbkdf2_sha256$1200000$2sZGVy9hc0FQF3N2tdh4mk$t3RXMyo34g5txbSyrezak1qauIMnNBQQCPtVC6IZ1h0=",
    "last_login": "2025-12-24T22:57:49Z",
    "is_superuser": true,
    "username": "admin",
    "first_name": "",
    "last_name": "",
    "email": "admin@autopartespro.cl",
    "is_staff": true,
    "is_active": true,
    "date_joined": "2025-12-24T20:35:54Z",
    "rut": "",
    "telefono": "",
    "direccion": "",
    "comuna": "",
    "region": "",
    "es_cliente": true,
    "es_vendedor": false,
    "es_admin": true,
    "newsletter": true,
    "terminos_aceptados": false,
    "codigo_cliente": "CLI-36794BB3",
    "fecha_registro": "2025-12-24T20:35:55Z",
    "ultimo_acceso": "2025-12-24T22:57:49Z",
    "intentos_fallidos": 0,
    "bloqueado_hasta": null,
    "groups": [],
    "user_permissions": []
  }
}
]
